date,status,flags,change.followup_7d.den,change.followup_7d.excluded,change.followup_7d.num,change.followup_7d.pct,change.followup_7d.population,change.loss_reason.den,change.loss_reason.num,change.loss_reason.pct,change.segment.den,change.segment.num,change.segment.pct,change.stalled_30d.count,change.stalled_30d.den,change.stalled_30d.excluded,change.stalled_30d.population,change.value_filled.den,change.value_filled.num,change.value_filled.pct,change.value_filled.unverified,executive.closed_novo.lost,executive.closed_novo.won,executive.pipeline_leads.count,executive.pipeline_value.count,executive.pipeline_value.leads,executive.pipeline_value.valued,executive.raw_backlog.count,executive.raw_backlog.novo_uncounted,executive.raw_backlog.pct_over_30,executive.tier_a_value.count,executive.tier_a_value.leads,operational.alert_flagged.count,operational.enviados_open.count,operational.enviados_open.stale_pct,operational.missing_values.count,operational.missing_values.den,operational.retificado_stalled_7d.count,operational.retificado_stalled_7d.eur,operational.retificado_value.count,operational.retificado_value.leads,operational.sla_48h.at_stage,operational.sla_48h.count,operational.sla_48h.den,operational.sla_48h.excluded
2026-06-02,measured,DQ-S6;not-comparable,371,,36,9.7,,,,4,529,0,0,305,529,,,,,57,True,,,,,,,,,,,,,,,,,,,,,,,,
2026-06-03,no snapshot,,,,,,,,,,,,,,,,,,,,,,,,,,,,,,,,,,,,,,,,,,,,
2026-06-04,no snapshot,,,,,,,,,,,,,,,,,,,,,,,,,,,,,,,,,,,,,,,,,,,,
2026-06-05,no snapshot,,,,,,,,,,,,,,,,,,,,,,,,,,,,,,,,,,,,,,,,,,,,
2026-06-06,no snapshot,,,,,,,,,,,,,,,,,,,,,,,,,,,,,,,,,,,,,,,,,,,,
2026-06-07,no snapshot,,,,,,,,,,,,,,,,,,,,,,,,,,,,,,,,,,,,,,,,,,,,
2026-06-08,no snapshot,,,,,,,,,,,,,,,,,,,,,,,,,,,,,,,,,,,,,,,,,,,,
2026-06-09,no snapshot,,,,,,,,,,,,,,,,,,,,,,,,,,,,,,,,,,,,,,,,,,,,
2026-06-10,no snapshot,,,,,,,,,,,,,,,,,,,,,,,,,,,,,,,,,,,,,,,,,,,,
2026-06-11,no snapshot,,,,,,,,,,,,,,,,,,,,,,,,,,,,,,,,,,,,,,,,,,,,
2026-06-12,no snapshot,,,,,,,,,,,,,,,,,,,,,,,,,,,,,,,,,,,,,,,,,,,,
2026-06-13,no snapshot,,,,,,,,,,,,,,,,,,,,,,,,,,,,,,,,,,,,,,,,,,,,
2026-06-14,no snapshot,,,,,,,,,,,,,,,,,,,,,,,,,,,,,,,,,,,,,,,,,,,,
2026-06-15,no snapshot,,,,,,,,,,,,,,,,,,,,,,,,,,,,,,,,,,,,,,,,,,,,
2026-06-16,no snapshot,,,,,,,,,,,,,,,,,,,,,,,,,,,,,,,,,,,,,,,,,,,,
2026-06-17,no snapshot,,,,,,,,,,,,,,,,,,,,,,,,,,,,,,,,,,,,,,,,,,,,
2026-06-18,no snapshot,,,,,,,,,,,,,,,,,,,,,,,,,,,,,,,,,,,,,,,,,,,,
2026-06-19,no snapshot,,,,,,,,,,,,,,,,,,,,,,,,,,,,,,,,,,,,,,,,,,,,
2026-06-20,no snapshot,,,,,,,,,,,,,,,,,,,,,,,,,,,,,,,,,,,,,,,,,,,,
2026-06-21,no snapshot,,,,,,,,,,,,,,,,,,,,,,,,,,,,,,,,,,,,,,,,,,,,
2026-06-22,no snapshot,,,,,,,,,,,,,,,,,,,,,,,,,,,,,,,,,,,,,,,,,,,,
2026-06-23,no snapshot,,,,,,,,,,,,,,,,,,,,,,,,,,,,,,,,,,,,,,,,,,,,
2026-06-24,no snapshot,,,,,,,,,,,,,,,,,,,,,,,,,,,,,,,,,,,,,,,,,,,,
2026-06-25,no snapshot,,,,,,,,,,,,,,,,,,,,,,,,,,,,,,,,,,,,,,,,,,,,
2026-06-26,no snapshot,,,,,,,,,,,,,,,,,,,,,,,,,,,,,,,,,,,,,,,,,,,,
2026-06-27,no snapshot,,,,,,,,,,,,,,,,,,,,,,,,,,,,,,,,,,,,,,,,,,,,
2026-06-28,no snapshot,,,,,,,,,,,,,,,,,,,,,,,,,,,,,,,,,,,,,,,,,,,,
2026-06-29,no snapshot,,,,,,,,,,,,,,,,,,,,,,,,,,,,,,,,,,,,,,,,,,,,
2026-06-30,no snapshot,,,,,,,,,,,,,,,,,,,,,,,,,,,,,,,,,,,,,,,,,,,,
2026-07-01,no snapshot,,,,,,,,,,,,,,,,,,,,,,,,,,,,,,,,,,,,,,,,,,,,
2026-07-02,no snapshot,,,,,,,,,,,,,,,,,,,,,,,,,,,,,,,,,,,,,,,,,,,,
2026-07-03,no snapshot,,,,,,,,,,,,,,,,,,,,,,,,,,,,,,,,,,,,,,,,,,,,
2026-07-04,no snapshot,,,,,,,,,,,,,,,,,,,,,,,,,,,,,,,,,,,,,,,,,,,,
2026-07-05,no snapshot,,,,,,,,,,,,,,,,,,,,,,,,,,,,,,,,,,,,,,,,,,,,
2026-07-06,no snapshot,,,,,,,,,,,,,,,,,,,,,,,,,,,,,,,,,,,,,,,,,,,,
2026-07-07,no snapshot,,,,,,,,,,,,,,,,,,,,,,,,,,,,,,,,,,,,,,,,,,,,
2026-07-08,measured,DQ-S6;not-comparable,,,,83,,,,4,,0,0,8,,,,,,79,,,,,,,,,,,,,,,,,,,,,,,,,
2026-07-09,no snapshot,,,,,,,,,,,,,,,,,,,,,,,,,,,,,,,,,,,,,,,,,,,,
2026-07-10,measured,not-comparable,69,,43,62.3,,1677,72,4.3,177,0,0,4,177,,,38,36,94.7,,,,,,,,,,,,,,,,,,,,,,,,,
2026-07-11,measured,not-comparable,71,,44,62.0,,1677,72,4.3,181,0,0,4,181,,,37,35,94.6,,,,,,,,,,,,,,,,,,,,,,,,,
2026-07-12,measured,not-comparable,71,,44,62.0,,1677,72,4.3,181,0,0,5,181,,,37,35,94.6,,,,,,,,,,,,,,,,,,,,,,,,,
2026-07-13,measured,not-comparable,74,,62,83.8,,1693,121,7.1,184,0,0,4,184,,,38,37,97.4,,,,,,,,,,,,,0,74,16.2,1,38,11,51118,227621,38,,1,2,
2026-07-14,measured,not-comparable,64,,40,62.5,,1712,121,7.1,170,0,0,3,170,,,35,35,100.0,,,,,,,,,,,,,0,64,37.5,0,35,11,52124,206859,35,,1,2,
2026-07-15,measured,not-comparable,68,,42,61.8,,1712,121,7.1,180,0,0,3,180,,,35,35,100.0,,,,,,,,,,,,,0,68,38.2,0,35,15,95221,207739,35,,1,1,
2026-07-16,measured,not-comparable,63,,41,65.1,,1727,122,7.1,168,0,0,3,168,,,28,27,96.4,,,,,,,,,,,,,0,63,34.9,1,28,10,66462,159731,28,,0,0,
2026-07-17,measured,not-comparable,76,,49,64.5,,1741,122,7.0,177,0,0,3,177,,,32,32,100.0,,,,,,,,,,,,,0,76,35.5,0,32,12,87326,172190,32,,0,3,
2026-07-18,measured,not-comparable,76,,46,60.5,,1741,122,7.0,177,0,0,3,177,,,32,32,100.0,,,,,,,,,,,,,0,76,39.5,0,32,14,97679,172190,32,,0,3,
2026-07-19,measured,not-comparable,76,,46,60.5,,1741,122,7.0,177,0,0,4,177,,,32,32,100.0,,,,,,,,,,,,,0,76,39.5,0,32,14,97679,172190,32,,0,3,
2026-07-20,measured,not-comparable,76,,46,60.5,,1741,122,7.0,176,0,0,4,176,,,32,32,100.0,,,,,,,,,,,,,0,76,39.5,0,32,14,97679,171253,32,,2,2,
2026-07-21,measured,not-comparable,94,,45,47.9,,1755,123,7.0,189,0,0,2,189,,,25,24,96.0,,,,,,,,,,,,,0,94,52.1,1,25,10,92847,129478,25,,0,5,
2026-07-22,measured,not-comparable,101,,44,43.6,,1755,123,7.0,192,0,0,2,192,,,26,26,100.0,,,,,,,,,,,,,0,101,56.4,0,26,10,92847,147148,26,,0,3,
2026-07-23,no snapshot,,,,,,,,,,,,,,,,,,,,,,,,,,,,,,,,,,,,,,,,,,,,
2026-07-24,no snapshot,,,,,,,,,,,,,,,,,,,,,,,,,,,,,,,,,,,,,,,,,,,,
2026-07-25,no snapshot,,,,,,,,,,,,,,,,,,,,,,,,,,,,,,,,,,,,,,,,,,,,
2026-07-26,measured,not-comparable,89,,49,55.1,,1784,123,6.9,187,0,0,2,187,,,24,22,91.7,,,,,,,,,,,,,0,89,44.9,2,24,16,74028,95696,24,,1,6,
2026-07-27,measured,not-comparable,89,,49,55.1,,1784,123,6.9,187,0,0,2,187,,,24,22,91.7,,,,,,,,,,,,,0,89,44.9,2,24,16,74028,95696,24,,6,6,
2026-07-28,measured,DQ-002;not-comparable,82,,48,58.5,,1813,123,6.8,186,0,0,2,186,,,32,32,100.0,,,,,,,,,,,,,0,82,41.5,0,32,14,64436,455429,32,,0,0,
2026-07-29,measured,not-comparable,82,,40,48.8,,1813,123,6.8,187,0,0,2,187,,,32,32,100.0,,,,,,,,,,,,,0,82,51.2,0,32,16,78462,132989,32,,0,7,
2026-07-30,measured,not-comparable,84,,36,42.9,,1817,124,6.8,190,0,0,2,190,,,35,34,97.1,,,,,,,,,,,,,0,84,57.1,1,35,17,81437,133113,35,,0,7,
2026-07-31,no snapshot,,,,,,,,,,,,,,,,,,,,,,,,,,,,,,,,,,,,,,,,,,,,
2026-08-01,no snapshot,,,,,,,,,,,,,,,,,,,,,,,,,,,,,,,,,,,,,,,,,,,,
2026-08-02,measured,not-comparable,92,,27,29.3,,1822,124,6.8,193,0,0,4,193,,,36,36,100.0,,,,,,,,,,,,,0,92,70.7,0,36,18,79525,125697,36,,2,7,
2026-08-03,measured,not-comparable,92,,27,29.3,,1837,129,7.0,193,0,0,4,193,,,36,36,100.0,,,,,,,,,,,,,0,92,70.7,0,36,18,79525,125697,36,,7,7,
2026-08-04,measured,DQ-S6;not-comparable,99,,98,99.0,,1851,128,6.9,192,0,0,1,192,,,26,24,92.3,,,,,,,,,,,,,0,99,1.0,2,26,4,11504,69261,26,,0,5,
2026-08-05,measured,DQ-S6;not-comparable,100,,99,99.0,,1854,129,7.0,194,0,0,1,194,,,26,25,96.2,,,,,,,,,,,,,0,100,1.0,1,26,7,18651,66202,26,,0,5,
2026-08-06,measured,DQ-S6;not-comparable,69,,68,98.6,,1903,130,6.8,167,0,0,1,167,,,29,28,96.6,,,,,,,,,,,,,0,69,1.4,1,29,11,36012,88423,29,,0,5,
2026-08-07,measured,DQ-S6;not-comparable,77,,76,98.7,,1904,131,6.9,175,0,0,2,175,,,32,30,93.8,,,,,,,,,,,,,0,77,1.3,2,32,13,41912,107880,32,,0,5,
2026-08-08,measured,DQ-S6;not-comparable,82,,81,98.8,,1908,131,6.9,184,0,0,2,184,,,38,38,100.0,,,,,,,,,,,,,0,82,1.2,0,38,14,43687,139384,38,,0,3,
2026-08-09,measured,DQ-S6;not-comparable,82,,81,98.8,,1908,131,6.9,184,0,0,2,184,,,38,38,100.0,,,,,,,,,,,,,0,82,1.2,0,38,14,43687,139384,38,,0,3,
2026-08-10,measured,DQ-S6;not-comparable,82,,81,98.8,,1908,131,6.9,184,0,0,2,184,,,38,38,100.0,,,,,,,,,,,,,0,82,1.2,0,38,14,43687,139384,38,,3,3,
2026-08-11,measured,DQ-S6;not-comparable,89,,41,46.1,,1912,132,6.9,197,0,0,2,197,,,44,44,100.0,,,,,,,,,,,,,0,89,53.9,0,44,21,69482,149241,44,,0,1,
2026-08-12,measured,DQ-S6;not-comparable,95,,46,48.4,,1916,132,6.9,197,0,0,2,197,,,43,43,100.0,,,,,,,,,,,,,0,95,51.6,0,43,21,70021,146629,43,,0,0,
2026-08-13,measured,DQ-S6;not-comparable,102,,39,38.2,,1920,132,6.9,205,0,0,2,205,,,44,44,100.0,,,,,,,,,,,,,0,102,61.8,0,44,22,73535,140695,44,,0,0,
2026-08-14,measured,DQ-S6;not-comparable,104,,34,32.7,,1921,132,6.9,209,0,0,2,209,,,44,44,100.0,,,,,,,,,,,,,0,104,67.3,0,44,26,89847,135113,44,,0,0,
2026-08-15,measured,DQ-S6;not-comparable,104,,26,25.0,,1921,132,6.9,209,0,0,3,209,,,44,44,100.0,,,,,,,,,,,,,0,104,75.0,0,44,28,96950,135113,44,,0,8,
2026-08-16,measured,DQ-S6;not-comparable,104,,26,25.0,,1921,132,6.9,209,0,0,3,209,,,44,44,100.0,,,,,,,,,,,,,0,104,75.0,0,44,28,96950,135113,44,,0,8,
2026-08-17,measured,not-comparable,105,,31,29.5,,1928,143,7.4,212,208,98.1,3,212,,,45,44,97.8,,12,6,212,655167,212,201,470,19,77.0,199983,22,0,105,65.7,1,45,19,58200,147381,45,1,1,1,0
2026-08-18,measured,not-comparable,111,,29,26.1,,1940,146,7.5,207,200,96.6,2,207,,,35,35,100.0,,23,11,207,623451,207,194,472,13,76.9,187638,18,0,111,63.1,0,35,13,33411,123769,35,0,0,0,0
2026-08-19,measured,not-comparable,61,,27,44.3,,2000,147,7.3,146,138,94.5,2,146,,,22,22,100.0,,82,19,146,503703,146,132,471,21,77.3,165286,14,0,61,32.8,0,22,2,2764,86344,22,0,0,0,0
2026-08-20,measured,not-comparable,60,,22,36.7,,2009,148,7.4,144,135,93.8,3,144,,,21,21,100.0,,91,24,144,512669,144,129,475,24,77.7,165459,13,0,60,28.3,0,21,2,1243,84569,21,0,0,0,0
2026-08-21,measured,not-comparable,69,,18,26.1,,2010,150,7.5,157,140,89.2,3,157,,,22,22,100.0,,93,28,157,531308,157,134,468,32,80.8,204923,17,0,69,29.0,0,22,4,24518,109137,22,1,0,1,0
2026-08-22,measured,not-comparable,79,,16,20.3,,2012,152,7.6,164,145,88.4,3,164,,,22,22,100.0,,95,32,164,546697,164,139,468,33,82.1,210622,18,0,79,27.8,0,22,9,43842,113965,22,0,0,0,0
2026-08-23,measured,not-comparable,79,,16,20.3,,2012,152,7.6,164,145,88.4,3,164,,,22,22,100.0,,95,32,164,546697,164,139,468,40,82.3,185957,16,0,79,27.8,0,22,9,43842,113965,22,0,0,0,0
2026-08-24,measured,not-comparable,79,,16,20.3,,2012,152,7.6,164,145,88.4,3,164,,,22,22,100.0,,95,32,164,546697,164,139,468,53,83.5,185957,16,0,79,27.8,0,22,9,43842,113965,22,0,0,0,0
2026-08-25,measured,not-comparable,103,,5,4.9,,2014,155,7.7,197,164,83.2,3,197,,,26,26,100.0,,98,33,197,586336,197,158,468,35,84.2,202041,19,0,103,31.1,0,26,18,105315,128161,26,3,3,3,0
2026-08-26,measured,,52,55,32,61.5,107,2020,158,7.8,198,162,81.8,3,178,20,198,34,34,100.0,,104,37,198,563891,198,157,469,43,84.2,236490,23,0,107,18.7,0,34,14,76380,176042,34,2,2,2,0
2026-08-27,measured,,57,57,33,57.9,114,2020,158,7.8,207,169,81.6,3,187,20,207,35,35,100.0,,104,37,207,591004,207,164,469,46,84.2,250503,25,0,114,21.1,0,35,14,76380,181525,35,1,0,1,0
2026-08-28,measured,,60,57,36,60.0,117,2021,159,7.9,206,167,81.1,2,187,19,206,36,36,100.0,,105,45,206,588771,206,163,469,58,84.6,254364,25,0,117,20.5,0,36,14,68029,174012,36,11,2,11,0
2026-08-29,measured,,60,57,36,60.0,117,2019,159,7.9,207,169,81.6,2,189,18,207,41,41,100.0,,105,48,207,597463,207,165,469,70,86.1,265244,27,0,117,20.5,0,41,18,95124,191813,41,2,1,2,0
2026-08-30,measured,,60,57,36,60.0,117,2019,159,7.9,207,169,81.6,2,189,18,207,41,41,100.0,,105,48,207,597463,207,165,469,90,88.1,255737,25,0,117,20.5,0,41,18,95124,191813,41,2,2,2,0
2026-08-31,measured,,60,57,36,60.0,117,2019,159,7.9,207,169,81.6,4,189,18,207,41,41,100.0,,105,48,207,597463,207,165,469,97,88.3,214979,22,0,117,20.5,0,41,18,95124,191813,41,2,2,2,0
