metric,view,first_measured,last_measured,days_present,pct_of_snapshots,comparable_from,comparability_note
change.followup_7d.den,change,2026-06-02,2026-08-27,46,100.0,2026-08-26,"Definition changed 2026-08-17, then 2026-08-26. Earlier points are real readings of a DIFFERENT measure — the dashboard keeps them and breaks the line at each change rather than dropping them, so do not join the segments into a single series. A snapshot with an empty denominator is unknown, not zero — check the .den column before plotting. Counts a real client contact, not any edit to the record. Quotes with no contact date are left out, not counted as untouched. The line breaks where either of those changed — don't compare across a break."
change.followup_7d.excluded,change,2026-08-26,2026-08-27,2,4.3,2026-08-26,"Definition changed 2026-08-17, then 2026-08-26. Earlier points are real readings of a DIFFERENT measure — the dashboard keeps them and breaks the line at each change rather than dropping them, so do not join the segments into a single series. A snapshot with an empty denominator is unknown, not zero — check the .den column before plotting. Counts a real client contact, not any edit to the record. Quotes with no contact date are left out, not counted as untouched. The line breaks where either of those changed — don't compare across a break."
change.followup_7d.num,change,2026-06-02,2026-08-27,46,100.0,2026-08-26,"Definition changed 2026-08-17, then 2026-08-26. Earlier points are real readings of a DIFFERENT measure — the dashboard keeps them and breaks the line at each change rather than dropping them, so do not join the segments into a single series. A snapshot with an empty denominator is unknown, not zero — check the .den column before plotting. Counts a real client contact, not any edit to the record. Quotes with no contact date are left out, not counted as untouched. The line breaks where either of those changed — don't compare across a break."
change.followup_7d.pct,change,2026-06-02,2026-08-27,46,100.0,2026-08-26,"Definition changed 2026-08-17, then 2026-08-26. Earlier points are real readings of a DIFFERENT measure — the dashboard keeps them and breaks the line at each change rather than dropping them, so do not join the segments into a single series. A snapshot with an empty denominator is unknown, not zero — check the .den column before plotting. Counts a real client contact, not any edit to the record. Quotes with no contact date are left out, not counted as untouched. The line breaks where either of those changed — don't compare across a break."
change.followup_7d.population,change,2026-08-26,2026-08-27,2,4.3,2026-08-26,"Definition changed 2026-08-17, then 2026-08-26. Earlier points are real readings of a DIFFERENT measure — the dashboard keeps them and breaks the line at each change rather than dropping them, so do not join the segments into a single series. A snapshot with an empty denominator is unknown, not zero — check the .den column before plotting. Counts a real client contact, not any edit to the record. Quotes with no contact date are left out, not counted as untouched. The line breaks where either of those changed — don't compare across a break."
change.loss_reason.den,change,2026-06-02,2026-08-27,46,100.0,2026-06-02,"""Escolha""/blank is a documented NULL placeholder. The historic lost population sits on the legacy board; new losses land on Novo."
change.loss_reason.num,change,2026-06-02,2026-08-27,46,100.0,2026-06-02,"""Escolha""/blank is a documented NULL placeholder. The historic lost population sits on the legacy board; new losses land on Novo."
change.loss_reason.pct,change,2026-06-02,2026-08-27,46,100.0,2026-06-02,"""Escolha""/blank is a documented NULL placeholder. The historic lost population sits on the legacy board; new losses land on Novo."
change.segment.den,change,2026-06-02,2026-08-27,46,100.0,2026-08-17,"Repointed 2026-08-17 — earlier snapshots came off a different definition and are not comparable. Live since the 14 Aug cutover — the tier column exists only on Novo. An explicit ""N/A"" counts as unassigned. Trend starts 17 Aug, the first surviving real reading; before that the field did not exist."
change.segment.num,change,2026-06-02,2026-08-27,46,100.0,2026-08-17,"Repointed 2026-08-17 — earlier snapshots came off a different definition and are not comparable. Live since the 14 Aug cutover — the tier column exists only on Novo. An explicit ""N/A"" counts as unassigned. Trend starts 17 Aug, the first surviving real reading; before that the field did not exist."
change.segment.pct,change,2026-06-02,2026-08-27,46,100.0,2026-08-17,"Repointed 2026-08-17 — earlier snapshots came off a different definition and are not comparable. Live since the 14 Aug cutover — the tier column exists only on Novo. An explicit ""N/A"" counts as unassigned. Trend starts 17 Aug, the first surviving real reading; before that the field did not exist."
change.stalled_30d.count,change,2026-06-02,2026-08-27,46,100.0,2026-07-08,"Not comparable on 2026-06-02 (different population). A snapshot with an empty denominator is unknown, not zero — check the .den column before plotting. Open worked quotes only — the untriaged request backlog is not included. Records with no contact date and older than 30 days are left out, not assumed healthy."
change.stalled_30d.den,change,2026-06-02,2026-08-27,46,100.0,2026-07-08,"Not comparable on 2026-06-02 (different population). A snapshot with an empty denominator is unknown, not zero — check the .den column before plotting. Open worked quotes only — the untriaged request backlog is not included. Records with no contact date and older than 30 days are left out, not assumed healthy."
change.stalled_30d.excluded,change,2026-08-26,2026-08-27,2,4.3,2026-08-26,"Not comparable on 2026-06-02 (different population). A snapshot with an empty denominator is unknown, not zero — check the .den column before plotting. Open worked quotes only — the untriaged request backlog is not included. Records with no contact date and older than 30 days are left out, not assumed healthy."
change.stalled_30d.population,change,2026-08-26,2026-08-27,2,4.3,2026-08-26,"Not comparable on 2026-06-02 (different population). A snapshot with an empty denominator is unknown, not zero — check the .den column before plotting. Open worked quotes only — the untriaged request backlog is not included. Records with no contact date and older than 30 days are left out, not assumed healthy."
change.value_filled.den,change,2026-06-02,2026-08-27,46,100.0,2026-06-02,
change.value_filled.num,change,2026-06-02,2026-08-27,46,100.0,2026-06-02,
change.value_filled.pct,change,2026-06-02,2026-08-27,46,100.0,2026-06-02,
change.value_filled.unverified,change,2026-06-02,2026-06-02,1,2.2,2026-06-02,
executive.closed_novo.lost,executive,2026-08-17,2026-08-27,11,23.9,2026-08-17,No comparability guard declared for this metric — which is not the same as verified comparable.
executive.closed_novo.won,executive,2026-08-17,2026-08-27,11,23.9,2026-08-17,No comparability guard declared for this metric — which is not the same as verified comparable.
executive.pipeline_leads.count,executive,2026-08-17,2026-08-27,11,23.9,2026-08-17,No comparability guard declared for this metric — which is not the same as verified comparable.
executive.pipeline_value.count,executive,2026-08-17,2026-08-27,11,23.9,2026-08-17,No comparability guard declared for this metric — which is not the same as verified comparable.
executive.pipeline_value.leads,executive,2026-08-17,2026-08-27,11,23.9,2026-08-17,No comparability guard declared for this metric — which is not the same as verified comparable.
executive.pipeline_value.valued,executive,2026-08-17,2026-08-27,11,23.9,2026-08-17,No comparability guard declared for this metric — which is not the same as verified comparable.
executive.raw_backlog.count,executive,2026-08-17,2026-08-27,11,23.9,2026-08-17,No comparability guard declared for this metric — which is not the same as verified comparable.
executive.raw_backlog.novo_uncounted,executive,2026-08-17,2026-08-27,11,23.9,2026-08-17,No comparability guard declared for this metric — which is not the same as verified comparable.
executive.raw_backlog.pct_over_30,executive,2026-08-17,2026-08-27,11,23.9,2026-08-17,No comparability guard declared for this metric — which is not the same as verified comparable.
executive.tier_a_value.count,executive,2026-08-17,2026-08-27,11,23.9,2026-08-17,No comparability guard declared for this metric — which is not the same as verified comparable.
executive.tier_a_value.leads,executive,2026-08-17,2026-08-27,11,23.9,2026-08-17,No comparability guard declared for this metric — which is not the same as verified comparable.
operational.alert_flagged.count,operational,2026-07-13,2026-08-27,41,89.1,2026-07-13,"Alert engine not built yet. The segment field it depends on is now live on Novo, so this is no longer blocked on data."
operational.enviados_open.count,operational,2026-07-13,2026-08-27,41,89.1,2026-07-13,No comparability guard declared for this metric — which is not the same as verified comparable.
operational.enviados_open.stale_pct,operational,2026-07-13,2026-08-27,41,89.1,2026-07-13,No comparability guard declared for this metric — which is not the same as verified comparable.
operational.missing_values.count,operational,2026-07-13,2026-08-27,41,89.1,2026-07-13,"""Fix first"" — without a value they cannot be segmented A/B/C."
operational.missing_values.den,operational,2026-07-13,2026-08-27,41,89.1,2026-07-13,"""Fix first"" — without a value they cannot be segmented A/B/C."
operational.retificado_stalled_7d.count,operational,2026-07-13,2026-08-27,41,89.1,2026-07-13,"Activity measured by Último contacto — a real contact event, live since the 14 Aug cutover."
operational.retificado_stalled_7d.eur,operational,2026-07-13,2026-08-27,41,89.1,2026-07-13,"Activity measured by Último contacto — a real contact event, live since the 14 Aug cutover."
operational.retificado_value.count,operational,2026-07-13,2026-08-27,41,89.1,2026-07-13,No comparability guard declared for this metric — which is not the same as verified comparable.
operational.retificado_value.leads,operational,2026-07-13,2026-08-27,41,89.1,2026-07-13,No comparability guard declared for this metric — which is not the same as verified comparable.
operational.sla_48h.at_stage,operational,2026-08-17,2026-08-27,11,23.9,2026-08-17,"Repointed 2026-08-17 — earlier snapshots came off a different definition and are not comparable. A snapshot with an empty denominator is unknown, not zero — check the .den column before plotting. Approximate. The SLA is time from measurement completed to revised quote sent; the board has no stage-entry timestamp, so completion is read from Data da medição and only where the measurement is marked Finalizado and not future-dated. Quotes failing that test are excluded from the count, not assumed compliant. Trend restarts 17 Aug 2026, the repoint."
operational.sla_48h.count,operational,2026-07-13,2026-08-27,41,89.1,2026-08-17,"Repointed 2026-08-17 — earlier snapshots came off a different definition and are not comparable. A snapshot with an empty denominator is unknown, not zero — check the .den column before plotting. Approximate. The SLA is time from measurement completed to revised quote sent; the board has no stage-entry timestamp, so completion is read from Data da medição and only where the measurement is marked Finalizado and not future-dated. Quotes failing that test are excluded from the count, not assumed compliant. Trend restarts 17 Aug 2026, the repoint."
operational.sla_48h.den,operational,2026-07-13,2026-08-27,41,89.1,2026-08-17,"Repointed 2026-08-17 — earlier snapshots came off a different definition and are not comparable. A snapshot with an empty denominator is unknown, not zero — check the .den column before plotting. Approximate. The SLA is time from measurement completed to revised quote sent; the board has no stage-entry timestamp, so completion is read from Data da medição and only where the measurement is marked Finalizado and not future-dated. Quotes failing that test are excluded from the count, not assumed compliant. Trend restarts 17 Aug 2026, the repoint."
operational.sla_48h.excluded,operational,2026-08-17,2026-08-27,11,23.9,2026-08-17,"Repointed 2026-08-17 — earlier snapshots came off a different definition and are not comparable. A snapshot with an empty denominator is unknown, not zero — check the .den column before plotting. Approximate. The SLA is time from measurement completed to revised quote sent; the board has no stage-entry timestamp, so completion is read from Data da medição and only where the measurement is marked Finalizado and not future-dated. Quotes failing that test are excluded from the count, not assumed compliant. Trend restarts 17 Aug 2026, the repoint."
